firstName,lastName,date
Leslie,Browning,15/04/2020
Shana,Foreman,12/02/2021
Illana,Long,22/03/2020
Ralph,Stanley,30/06/2020
Rina,Davis,18/08/2021
Quamar,Moreno,10/12/2021
Nicholas,Cline,10/08/2020
Gwendolyn,Delgado,13/09/2020
Brett,Dillard,09/05/2021
Mira,Bridges,20/02/2021
Tyrone,Stafford,18/01/2020
Jermaine,Acosta,26/11/2020
Uriel,Huffman,18/01/2020
Damian,Martinez,02/11/2021
Norman,Blake,15/07/2020
Nomlanga,Curtis,17/04/2020
Coby,Foreman,18/09/2020
Thane,Cantu,13/11/2020
Erasmus,Reynolds,11/11/2020
Mark,Gregory,10/06/2021
Demetrius,Berger,31/07/2021
Pandora,Cote,27/06/2021
Madeson,Maddox,13/06/2020
Emily,Good,05/02/2020
Garrett,Lang,14/09/2020
Gemma,Hurley,17/06/2020
Charlotte,Gillespie,27/12/2019
Chiquita,Talley,05/03/2021
Ariana,Rowland,19/02/2021
Whitney,Harvey,27/04/2020
Nasim,Gay,17/04/2020
Iona,Pearson,27/03/2021
Laura,Freeman,02/06/2021
Brianna,Curtis,03/01/2020
Lisandra,Carpenter,18/05/2020
Micah,Farrell,08/09/2020
Harrison,Trujillo,08/01/2020
Tarik,Whitehead,08/02/2020
Penelope,Garrett,13/09/2021
Lance,Richard,29/01/2021
Victor,Whitley,15/07/2020
Beck,Oneil,31/03/2020
Kareem,Espinoza,03/12/2020
Zoe,Manning,13/06/2021
Jade,Barnes,28/08/2021
Silas,Ross,24/04/2021
Slade,House,16/04/2021
Benedict,Hutchinson,21/06/2021
Lamar,Shepherd,08/03/2020
Magee,Pickett,16/04/2020
Anthony,Sampson,05/09/2021
Marvin,Atkins,20/02/2020
Blythe,Barnett,02/11/2021
Libby,Patrick,06/09/2021
Alyssa,Barker,28/08/2020
Morgan,Heath,07/10/2021
Mary,Vaughan,23/05/2020
Rana,Richmond,23/02/2021
Jael,Knox,01/04/2021
Evan,Alvarez,20/12/2020
Chancellor,Flores,09/09/2020
Alea,Charles,14/06/2020
Teagan,Boone,24/12/2020
Allen,Ellis,22/11/2021
Madeson,Casey,14/03/2020
Octavius,Randall,14/04/2021
Barrett,Valencia,12/02/2020
Quintessa,Mathews,09/05/2020
Noelle,Lott,29/06/2020
Jackson,Rich,13/04/2020
Brielle,Wilkinson,08/12/2020
Hamish,Morrison,26/03/2021
Isaiah,Cote,09/05/2021
Macon,Santana,11/01/2020
Byron,Glover,21/07/2021
Phelan,Mcmahon,02/08/2020
Thomas,Moreno,10/04/2020
Candice,Richards,21/12/2019
Caldwell,Giles,20/05/2021
Cooper,Roman,17/02/2021
Phoebe,Thompson,18/02/2020
Camille,Gutierrez,21/04/2021
Amaya,Lester,09/04/2021
Farrah,Riley,10/01/2020
Neve,Marsh,06/08/2020
Isaac,Ross,07/11/2021
Pearl,Richardson,18/07/2020
Maggy,Haley,14/03/2020
Castor,Bryant,24/09/2020
Vance,Kemp,19/09/2020
Alec,Travis,30/09/2020
Chiquita,Nelson,26/06/2021
Holmes,Henry,26/01/2020
Gannon,Brooks,28/07/2020
Ainsley,Ashley,27/05/2021
Ebony,Mullins,04/12/2020
Flavia,Larson,03/06/2021
Melodie,Sawyer,29/02/2020
Noelani,Wilson,29/05/2021
Felicia,Fuller,12/10/2021